{
  "outer_test_loss": 0.7896048928561964,
  "auc_roc": 0.8754863590588666,
  "accuracy": 0.6840336134453782,
  "f1_score": 0.729106628242075,
  "precision": 0.5883720930232558,
  "recall": 0.9583333333333334
}