{
  "best_epoch": 3,
  "best_val_loss": 0.5410506799817085,
  "epochs_ran": 14,
  "total_minutes": 37.49683305819829,
  "best_ckpt": "/home/thalles.fontainha/2026-2/results/EX6/20260219-224906/folds/fold_4/best_inner.pth"
}