{
  "outer_test_loss": 0.493076901686819,
  "auc_roc": 0.9051376609097989,
  "accuracy": 0.8218487394957983,
  "f1_score": 0.7791666666666667,
  "precision": 0.8617511520737328,
  "recall": 0.7110266159695817
}