{
  "auc_roc": {
    "mean": 0.8933554892163091,
    "std": 0.01860364145233581,
    "n": 5
  },
  "accuracy": {
    "mean": 0.7382279623258698,
    "std": 0.05847361651545343,
    "n": 5
  },
  "f1_score": {
    "mean": 0.6962270783261719,
    "std": 0.16723554161790968,
    "n": 5
  },
  "precision": {
    "mean": 0.7320723899389554,
    "std": 0.15101307325619698,
    "n": 5
  },
  "recall": {
    "mean": 0.7826477704804701,
    "std": 0.2995178669143272,
    "n": 5
  },
  "n_folds": 5
}