{
  "auc_roc": {
    "mean": 0.9011334735789175,
    "std": 0.010018902955230924,
    "n": 5
  },
  "accuracy": {
    "mean": 0.7789126388810557,
    "std": 0.03601954474251011,
    "n": 5
  },
  "f1_score": {
    "mean": 0.7774885500133749,
    "std": 0.020514475626986016,
    "n": 5
  },
  "precision": {
    "mean": 0.7125826351717344,
    "std": 0.07322410123193582,
    "n": 5
  },
  "recall": {
    "mean": 0.8700800783500403,
    "std": 0.0835368291170128,
    "n": 5
  },
  "n_folds": 5
}