{
  "best_epoch": 4,
  "best_val_loss": 0.4773547872900963,
  "epochs_ran": 15,
  "total_minutes": 16.310236223538716,
  "best_ckpt": "/home/thalles.fontainha/2026-2/results/EX5/20260220-020410/folds/fold_1/best_inner.pth"
}