{
  "outer_test_loss": 0.5027660319679662,
  "auc_roc": 0.9116294724351954,
  "accuracy": 0.825503355704698,
  "f1_score": 0.8142857142857143,
  "precision": 0.7702702702702703,
  "recall": 0.8636363636363636
}