{
  "best_epoch": 1,
  "best_val_loss": 0.4692988283932209,
  "epochs_ran": 12,
  "total_minutes": 32.08348664442698,
  "best_ckpt": "/home/thalles.fontainha/2026-2/results/EX9/20260219-073934/folds/fold_4/best_inner.pth"
}