{
  "outer_test_loss": 0.5824918888117138,
  "auc_roc": 0.8844427138210638,
  "accuracy": 0.761344537815126,
  "f1_score": 0.7774294670846394,
  "precision": 0.6613333333333333,
  "recall": 0.9429657794676806,
  "best_epoch_inner": 1,
  "fold_idx": 3,
  "fold_minutes": 38.353237549463906
}