{
  "outer_test_loss": 1.1422171279003746,
  "auc_roc": 0.8927778540693949,
  "accuracy": 0.6184873949579832,
  "f1_score": 0.6936572199730094,
  "precision": 0.5387840670859538,
  "recall": 0.9734848484848485
}