{
  "best_epoch": 7,
  "best_val_loss": 0.47872440485904616,
  "epochs_ran": 18,
  "total_minutes": 22.88389358520508,
  "best_ckpt": "/home/thalles.fontainha/2026-2/results/EX8/20260219-115859/folds/fold_4/best_inner.pth"
}