{
  "outer_test_loss": 1.6982648247166683,
  "auc_roc": 0.9075255394200377,
  "accuracy": 0.7126050420168067,
  "f1_score": 0.5289256198347108,
  "precision": 0.96,
  "recall": 0.3650190114068441,
  "best_epoch_inner": 7,
  "fold_idx": 3,
  "fold_minutes": 34.33354149659475
}