{
  "auc_roc": {
    "mean": 0.7648058361578287,
    "std": 0.017580505052514017,
    "n": 5
  },
  "accuracy": {
    "mean": 0.6260679036715356,
    "std": 0.10791687895645734,
    "n": 5
  },
  "f1_score": {
    "mean": 0.5736036361477417,
    "std": 0.12893520882957674,
    "n": 5
  },
  "precision": {
    "mean": 0.6532245153898557,
    "std": 0.15256439496235105,
    "n": 5
  },
  "recall": {
    "mean": 0.6306198870837655,
    "std": 0.31328629907765004,
    "n": 5
  },
  "n_folds": 5
}