{
  "outer_test_loss": 0.6740244078008752,
  "auc_roc": 0.9092262586467543,
  "accuracy": 0.8033613445378152,
  "f1_score": 0.7450980392156863,
  "precision": 0.8724489795918368,
  "recall": 0.6501901140684411
}