{
  "outer_test_loss": 0.9309097653941104,
  "auc_roc": 0.8969571467688939,
  "accuracy": 0.7651006711409396,
  "f1_score": 0.6666666666666666,
  "precision": 0.8974358974358975,
  "recall": 0.5303030303030303
}