{
  "outer_test_loss": 0.836590905330683,
  "auc_roc": 0.9007140895358418,
  "accuracy": 0.8352941176470589,
  "f1_score": 0.7860262008733624,
  "precision": 0.9278350515463918,
  "recall": 0.6818181818181818,
  "best_epoch_inner": 17,
  "fold_idx": 4,
  "fold_minutes": 131.7864602804184
}