{
  "best_epoch": 1,
  "best_val_loss": 0.4873458966612816,
  "epochs_ran": 12,
  "total_minutes": 32.144409664471944,
  "best_ckpt": "/home/thalles.fontainha/2026-2/results/EX5/20260220-020410/folds/fold_4/best_inner.pth"
}