{
  "outer_test_loss": 0.5016122044701325,
  "auc_roc": 0.8841277658161161,
  "accuracy": 0.8050420168067227,
  "f1_score": 0.7642276422764228,
  "precision": 0.8209606986899564,
  "recall": 0.714828897338403
}