{
  "best_epoch": 0,
  "best_val_loss": 0.506961057583491,
  "epochs_ran": 11,
  "total_minutes": 11.787877364953358,
  "best_ckpt": "/home/thalles.fontainha/2026-2/results/EX7/20260219-191907/folds/fold_1/best_inner.pth"
}