{
  "outer_test_loss": 0.5258824833129582,
  "auc_roc": 0.8718225173420956,
  "accuracy": 0.7936241610738255,
  "f1_score": 0.763915547024952,
  "precision": 0.77431906614786,
  "recall": 0.7537878787878788
}