{
  "outer_test_loss": 0.5011706598753097,
  "auc_roc": 0.9118259635631236,
  "accuracy": 0.8050420168067227,
  "f1_score": 0.8047138047138047,
  "precision": 0.7242424242424242,
  "recall": 0.9053030303030303
}