{
  "outer_test_loss": 0.6527053635371359,
  "auc_roc": 0.8879485947084135,
  "accuracy": 0.8218487394957983,
  "f1_score": 0.7953667953667953,
  "precision": 0.8110236220472441,
  "recall": 0.7803030303030303
}