{
  "best_epoch": 6,
  "best_val_loss": 0.41680501825693583,
  "epochs_ran": 17,
  "total_minutes": 33.22137273152669
}