{
  "outer_test_loss": 0.5065867553133793,
  "auc_roc": 0.8946012185624628,
  "accuracy": 0.8016806722689076,
  "f1_score": 0.7929824561403509,
  "precision": 0.7361563517915309,
  "recall": 0.8593155893536122,
  "best_epoch_inner": 6,
  "fold_idx": 3,
  "fold_minutes": 47.480201315879825
}