{
  "best_epoch": 4,
  "best_val_loss": 0.6288120111440147,
  "epochs_ran": 15,
  "total_minutes": 85.61557510693868,
  "best_ckpt": "/home/thalles.fontainha/2026-2/results/EX3/20260220-084636/folds/fold_3/best_inner.pth"
}