{
  "outer_test_loss": 1.1484826698199215,
  "auc_roc": 0.4813550781071052,
  "accuracy": 0.5445378151260504,
  "f1_score": 0.04912280701754386,
  "precision": 0.3181818181818182,
  "recall": 0.026615969581749048
}