{
  "outer_test_loss": 0.9194572034635042,
  "auc_roc": 0.9026238031975811,
  "accuracy": 0.7798319327731092,
  "f1_score": 0.6974595842956121,
  "precision": 0.888235294117647,
  "recall": 0.5741444866920152,
  "best_epoch_inner": 10,
  "fold_idx": 3,
  "fold_minutes": 89.38073711395263
}