{
  "outer_test_loss": 0.5161890591445722,
  "auc_roc": 0.8722227312290989,
  "accuracy": 0.7798319327731092,
  "f1_score": 0.768141592920354,
  "precision": 0.7185430463576159,
  "recall": 0.8250950570342205,
  "best_epoch_inner": 0,
  "fold_idx": 1,
  "fold_minutes": 13.589356672763824
}