{
  "outer_test_loss": 0.5974501434125399,
  "auc_roc": 0.902148366192041,
  "accuracy": 0.6963087248322147,
  "f1_score": 0.7349926793557833,
  "precision": 0.5990453460620525,
  "recall": 0.9507575757575758,
  "best_epoch_inner": 3,
  "fold_idx": 0,
  "fold_minutes": 20.620534157752992
}