{
  "best_epoch": 3,
  "best_val_loss": 0.4190840659042199,
  "epochs_ran": 14,
  "total_minutes": 38.17362088362376,
  "best_ckpt": "/home/thalles.fontainha/2026-2/results/EX7/20260219-191907/folds/fold_4/best_inner.pth"
}