{
  "best_epoch": 2,
  "best_val_loss": 0.543707013130188,
  "epochs_ran": 13,
  "total_minutes": 14.658654248714447,
  "best_ckpt": "/home/thalles.fontainha/2026-2/results/EX5/20260220-020410/folds/fold_2/best_inner.pth"
}