{
  "best_epoch": 8,
  "best_val_loss": 0.43273043135801953,
  "epochs_ran": 19,
  "total_minutes": 23.842842988173167,
  "best_ckpt": "/home/thalles.fontainha/2026-2/results/EX7/20260219-191907/folds/fold_3/best_inner.pth"
}