{
  "outer_test_loss": 0.613151900078121,
  "auc_roc": 0.8780177745201339,
  "accuracy": 0.7848739495798319,
  "f1_score": 0.782312925170068,
  "precision": 0.7076923076923077,
  "recall": 0.8745247148288974,
  "best_epoch_inner": 8,
  "fold_idx": 2,
  "fold_minutes": 52.56568643649419
}