{
  "best_epoch": 2,
  "best_val_loss": 0.4433299478557375,
  "epochs_ran": 13,
  "total_minutes": 25.558110360304514
}