{
  "outer_test_loss": 0.5685138336864094,
  "auc_roc": 0.901035962029938,
  "accuracy": 0.7348993288590604,
  "f1_score": 0.7584097859327217,
  "precision": 0.6358974358974359,
  "recall": 0.9393939393939394
}