{
  "outer_test_loss": 0.5495167845173886,
  "auc_roc": 0.8905234367847662,
  "accuracy": 0.7596638655462185,
  "f1_score": 0.7712,
  "precision": 0.667590027700831,
  "recall": 0.9128787878787878
}