{
  "outer_test_loss": 0.8143044270967182,
  "auc_roc": 0.8883996060286774,
  "accuracy": 0.7764705882352941,
  "f1_score": 0.6855791962174941,
  "precision": 0.90625,
  "recall": 0.5513307984790875,
  "best_epoch_inner": 4,
  "fold_idx": 2,
  "fold_minutes": 32.77611632347107
}