{
  "outer_test_loss": 0.5297109767010337,
  "auc_roc": 0.9049257867973796,
  "accuracy": 0.8050420168067227,
  "f1_score": 0.7979094076655052,
  "precision": 0.7363344051446945,
  "recall": 0.870722433460076,
  "best_epoch_inner": 1,
  "fold_idx": 3,
  "fold_minutes": 38.23463229338328
}