{
  "best_epoch": 2,
  "best_val_loss": 0.4316408840318521,
  "epochs_ran": 13,
  "total_minutes": 25.397244036197662
}