{
  "outer_test_loss": 0.5321593718140717,
  "auc_roc": 0.8882335425351597,
  "accuracy": 0.7445378151260504,
  "f1_score": 0.7602523659305994,
  "precision": 0.6495956873315364,
  "recall": 0.9163498098859315,
  "best_epoch_inner": 2,
  "fold_idx": 2,
  "fold_minutes": 31.77619534333547
}