{
  "best_epoch": 4,
  "best_val_loss": 0.8692478007277963,
  "epochs_ran": 15,
  "total_minutes": 85.88474411964417,
  "best_ckpt": "/home/thalles.fontainha/2026-2/results/EX3/20260220-084636/folds/fold_2/best_inner.pth"
}