{
  "outer_test_loss": 0.9523903590020717,
  "auc_roc": 0.5075931100829172,
  "accuracy": 0.4689075630252101,
  "f1_score": 0.616504854368932,
  "precision": 0.45276292335115864,
  "recall": 0.9657794676806084
}