{
  "auc_roc": {
    "mean": 0.8843487255649805,
    "std": 0.019324296687458,
    "n": 5
  },
  "accuracy": {
    "mean": 0.746984377643675,
    "std": 0.07189999418458823,
    "n": 5
  },
  "f1_score": {
    "mean": 0.6177019528916989,
    "std": 0.19669686392962146,
    "n": 5
  },
  "precision": {
    "mean": 0.8874579762639778,
    "std": 0.10611300744156403,
    "n": 5
  },
  "recall": {
    "mean": 0.5303692821753657,
    "std": 0.25654947634877223,
    "n": 5
  },
  "n_folds": 5
}