{
  "best_epoch": 6,
  "best_val_loss": 0.5844327807426453,
  "epochs_ran": 17,
  "total_minutes": 19.31121521393458,
  "best_ckpt": "/home/thalles.fontainha/2026-2/results/EX10/20260218-201920/folds/fold_2/best_inner.pth"
}