{
  "outer_test_loss": 1.5307458890111822,
  "auc_roc": 0.9084761097622429,
  "accuracy": 0.5411764705882353,
  "f1_score": 0.657465495608532,
  "precision": 0.49063670411985016,
  "recall": 0.9961977186311787,
  "best_epoch_inner": 6,
  "fold_idx": 1,
  "fold_minutes": 28.21750319004059
}