{
  "best_epoch": 0,
  "best_val_loss": 0.48823591818412143,
  "epochs_ran": 11,
  "total_minutes": 29.531664534409842,
  "best_ckpt": "/home/thalles.fontainha/2026-2/results/EX6/20260219-224906/folds/fold_5/best_inner.pth"
}