{
  "outer_test_loss": 1.0330028204541457,
  "auc_roc": 0.8577771674448411,
  "accuracy": 0.6352941176470588,
  "f1_score": 0.30670926517571884,
  "precision": 0.9795918367346939,
  "recall": 0.18181818181818182
}