{
  "auc_roc": {
    "mean": 0.8849616473235387,
    "std": 0.01319694765539432,
    "n": 5
  },
  "accuracy": {
    "mean": 0.6938418588912075,
    "std": 0.1283648230893594,
    "n": 5
  },
  "f1_score": {
    "mean": 0.7172716211512384,
    "std": 0.061686615022678595,
    "n": 5
  },
  "precision": {
    "mean": 0.6701322823118522,
    "std": 0.17411126328076196,
    "n": 5
  },
  "recall": {
    "mean": 0.8481449475746053,
    "std": 0.1713548569024996,
    "n": 5
  },
  "n_folds": 5
}