{
  "best_epoch": 2,
  "best_val_loss": 0.45171693712472916,
  "epochs_ran": 13,
  "total_minutes": 35.647404479980466,
  "best_ckpt": "/home/thalles.fontainha/2026-2/results/EX5/20260220-020410/folds/fold_3/best_inner.pth"
}