{
  "outer_test_loss": 0.5040452778339386,
  "auc_roc": 0.8889264281460443,
  "accuracy": 0.8151260504201681,
  "f1_score": 0.802158273381295,
  "precision": 0.7610921501706485,
  "recall": 0.8479087452471483
}