{
  "auc_roc": {
    "mean": 0.8946638181383312,
    "std": 0.011376655743476545,
    "n": 5
  },
  "accuracy": {
    "mean": 0.7809192938920534,
    "std": 0.02410364825247257,
    "n": 5
  },
  "f1_score": {
    "mean": 0.7252752316273188,
    "std": 0.05758403544973446,
    "n": 5
  },
  "precision": {
    "mean": 0.8308503902032879,
    "std": 0.10360977685137349,
    "n": 5
  },
  "recall": {
    "mean": 0.6780907938702615,
    "std": 0.17868624325052798,
    "n": 5
  },
  "n_folds": 5
}