{
  "auc_roc": {
    "mean": 0.8892279310116699,
    "std": 0.015514732786709591,
    "n": 5
  },
  "accuracy": {
    "mean": 0.711655292989679,
    "std": 0.1486535770115081,
    "n": 5
  },
  "f1_score": {
    "mean": 0.742072541446408,
    "std": 0.07567055552198762,
    "n": 5
  },
  "precision": {
    "mean": 0.6714838485908835,
    "std": 0.1579845164244872,
    "n": 5
  },
  "recall": {
    "mean": 0.8799717709413526,
    "std": 0.11370853452241159,
    "n": 5
  },
  "n_folds": 5
}