{
  "outer_test_loss": 0.5140318039216494,
  "auc_roc": 0.8954967597663379,
  "accuracy": 0.7718120805369127,
  "f1_score": 0.7785016286644951,
  "precision": 0.6828571428571428,
  "recall": 0.9053030303030303
}