{
  "best_epoch": 3,
  "best_val_loss": 0.7222626358270645,
  "epochs_ran": 14,
  "total_minutes": 16.003652425607047,
  "best_ckpt": "/home/thalles.fontainha/2026-2/results/EX2/20260218-162431/folds/fold_1/best_inner.pth"
}