{
  "best_epoch": 2,
  "best_val_loss": 0.395090751349926,
  "epochs_ran": 13,
  "total_minutes": 15.131208535035451,
  "best_ckpt": "/home/thalles.fontainha/2026-2/results/EX8/20260219-115859/folds/fold_3/best_inner.pth"
}