{
  "outer_test_loss": 0.8142882193389692,
  "auc_roc": 0.8846259562966695,
  "accuracy": 0.692436974789916,
  "f1_score": 0.48158640226628896,
  "precision": 0.9444444444444444,
  "recall": 0.3231939163498099
}