{
  "best_epoch": 3,
  "best_val_loss": 0.6094165071845055,
  "epochs_ran": 14,
  "total_minutes": 18.608630363146464,
  "best_ckpt": "/home/thalles.fontainha/2026-2/results/EX2/20260218-162431/folds/fold_3/best_inner.pth"
}