{
  "outer_test_loss": 0.7175014426833705,
  "auc_roc": 0.7610804434467909,
  "accuracy": 0.6420168067226891,
  "f1_score": 0.42587601078167114,
  "precision": 0.7314814814814815,
  "recall": 0.30038022813688214,
  "best_epoch_inner": 3,
  "fold_idx": 2,
  "fold_minutes": 32.07413816054662
}