{
  "best_epoch": 0,
  "best_val_loss": 0.4616795356074969,
  "epochs_ran": 11,
  "total_minutes": 30.28114583492279,
  "best_ckpt": "/home/thalles.fontainha/2026-2/results/EX4/20260220-050457/folds/fold_3/best_inner.pth"
}