{
  "outer_test_loss": 1.905357749838578,
  "auc_roc": 0.8732992807732832,
  "accuracy": 0.5495798319327732,
  "f1_score": 0.660759493670886,
  "precision": 0.4952561669829222,
  "recall": 0.9923954372623575,
  "best_epoch_inner": 7,
  "fold_idx": 2,
  "fold_minutes": 72.08779090642929
}