{
  "best_epoch": 3,
  "best_val_loss": 0.5447430660327276,
  "epochs_ran": 14,
  "total_minutes": 36.649483327070875,
  "best_ckpt": "/home/thalles.fontainha/2026-2/results/EX1-1/20260221-115458/folds/fold_2/best_inner.pth"
}