{
  "outer_test_loss": 1.4325171301239414,
  "auc_roc": 0.8764315818406707,
  "accuracy": 0.561344537815126,
  "f1_score": 0.6649550706033376,
  "precision": 0.501937984496124,
  "recall": 0.9847908745247148
}