{
  "best_epoch": 0,
  "best_val_loss": 0.5329439491033554,
  "epochs_ran": 11,
  "total_minutes": 12.54832076629003,
  "best_ckpt": "/home/thalles.fontainha/2026-2/results/EX4/20260220-050457/folds/fold_2/best_inner.pth"
}