{
  "outer_test_loss": 0.7299081322393919,
  "auc_roc": 0.9121924962206238,
  "accuracy": 0.6873949579831933,
  "f1_score": 0.7335243553008596,
  "precision": 0.5885057471264368,
  "recall": 0.973384030418251
}