{
  "auc_roc": {
    "mean": 0.8820296895227138,
    "std": 0.012417310397647341,
    "n": 5
  },
  "accuracy": {
    "mean": 0.6588928994416559,
    "std": 0.14225045224452582,
    "n": 5
  },
  "f1_score": {
    "mean": 0.7135820332662023,
    "std": 0.06649927092870023,
    "n": 5
  },
  "precision": {
    "mean": 0.6056174909432114,
    "std": 0.13487936316857504,
    "n": 5
  },
  "recall": {
    "mean": 0.9158082728424933,
    "std": 0.103340652331577,
    "n": 5
  },
  "n_folds": 5
}