{
  "best_epoch": 3,
  "best_val_loss": 0.5101350918412209,
  "epochs_ran": 14,
  "total_minutes": 15.450879232088726,
  "best_ckpt": "/home/thalles.fontainha/2026-2/results/EX9/20260219-073934/folds/fold_2/best_inner.pth"
}