{
  "outer_test_loss": 0.6920361158094908,
  "auc_roc": 0.913291951074259,
  "accuracy": 0.7781512605042017,
  "f1_score": 0.6842105263157895,
  "precision": 0.9225806451612903,
  "recall": 0.5437262357414449,
  "best_epoch_inner": 3,
  "fold_idx": 1,
  "fold_minutes": 20.489543370405833
}