{
  "outer_test_loss": 0.5999655317071351,
  "auc_roc": 0.8102523731288793,
  "accuracy": 0.7567114093959731,
  "f1_score": 0.6756152125279642,
  "precision": 0.825136612021858,
  "recall": 0.571969696969697
}