{
  "best_epoch": 2,
  "best_val_loss": 0.6561800291140875,
  "epochs_ran": 13,
  "total_minutes": 35.99106290737788,
  "best_ckpt": "/home/thalles.fontainha/2026-2/results/EX2/20260218-162431/folds/fold_5/best_inner.pth"
}