{
  "outer_test_loss": 0.6072598068337691,
  "auc_roc": 0.7936979309713448,
  "accuracy": 0.7394957983193278,
  "f1_score": 0.714548802946593,
  "precision": 0.6953405017921147,
  "recall": 0.7348484848484849
}