{
  "best_epoch": 3,
  "best_val_loss": 0.4951614352564017,
  "epochs_ran": 14,
  "total_minutes": 15.882125782966614,
  "best_ckpt": "/home/thalles.fontainha/2026-2/results/EX7/20260219-191907/folds/fold_2/best_inner.pth"
}