{
  "outer_test_loss": 1.196322579132883,
  "auc_roc": 0.9033224151358283,
  "accuracy": 0.5680672268907563,
  "f1_score": 0.6700898587933247,
  "precision": 0.5058139534883721,
  "recall": 0.9923954372623575,
  "best_epoch_inner": 3,
  "fold_idx": 1,
  "fold_minutes": 21.902040946483613
}