{
  "outer_test_loss": 0.5702036728984431,
  "auc_roc": 0.8803827477209218,
  "accuracy": 0.8033613445378152,
  "f1_score": 0.7762906309751434,
  "precision": 0.7807692307692308,
  "recall": 0.7718631178707225,
  "best_epoch_inner": 12,
  "fold_idx": 2,
  "fold_minutes": 101.87567260662715
}