{
  "outer_test_loss": 0.8983710796741031,
  "auc_roc": 0.523116359974366,
  "accuracy": 0.5966386554621849,
  "f1_score": 0.27710843373493976,
  "precision": 0.6764705882352942,
  "recall": 0.17424242424242425
}