{
  "outer_test_loss": 1.24928690571534,
  "auc_roc": 0.8982064622124862,
  "accuracy": 0.7214765100671141,
  "f1_score": 0.5489130434782609,
  "precision": 0.9711538461538461,
  "recall": 0.38257575757575757,
  "best_epoch_inner": 2,
  "fold_idx": 0,
  "fold_minutes": 17.53956598440806
}