{
  "outer_test_loss": 0.7263196330321463,
  "auc_roc": 0.7537507444225573,
  "accuracy": 0.6336134453781512,
  "f1_score": 0.6614906832298136,
  "precision": 0.5590551181102362,
  "recall": 0.8098859315589354,
  "best_epoch_inner": 3,
  "fold_idx": 1,
  "fold_minutes": 22.03859079281489
}