{
  "outer_test_loss": 0.5340522998257687,
  "auc_roc": 0.8769339924929049,
  "accuracy": 0.7579831932773109,
  "f1_score": 0.7639344262295082,
  "precision": 0.6734104046242775,
  "recall": 0.8825757575757576,
  "best_epoch_inner": 0,
  "fold_idx": 4,
  "fold_minutes": 32.51692909399669
}