{
  "outer_test_loss": 0.4718633043138604,
  "auc_roc": 0.8925604229607249,
  "accuracy": 0.8218487394957983,
  "f1_score": 0.792156862745098,
  "precision": 0.8211382113821138,
  "recall": 0.7651515151515151,
  "best_epoch_inner": 2,
  "fold_idx": 4,
  "fold_minutes": 21.06022732257843
}