{
  "outer_test_loss": 1.2117877759431537,
  "auc_roc": 0.7486428604150441,
  "accuracy": 0.6672268907563025,
  "f1_score": 0.45,
  "precision": 0.8350515463917526,
  "recall": 0.30798479087452474,
  "best_epoch_inner": 6,
  "fold_idx": 3,
  "fold_minutes": 69.60147209564845
}