{
  "best_epoch": 7,
  "best_val_loss": 0.5590676157424848,
  "epochs_ran": 18,
  "total_minutes": 35.223358845710756
}