{
  "outer_test_loss": 0.5757766162004672,
  "auc_roc": 0.9099706812039031,
  "accuracy": 0.8084033613445378,
  "f1_score": 0.7710843373493976,
  "precision": 0.8170212765957446,
  "recall": 0.7300380228136882
}