{
  "best_epoch": 0,
  "best_val_loss": 0.4953313296039899,
  "epochs_ran": 11,
  "total_minutes": 11.331464457511903,
  "best_ckpt": "/home/thalles.fontainha/2026-2/results/EX1-1/20260221-115458/folds/fold_1/best_inner.pth"
}