{
  "outer_test_loss": 0.4626334011554718,
  "auc_roc": 0.895519578313253,
  "accuracy": 0.8204697986577181,
  "f1_score": 0.799249530956848,
  "precision": 0.79182156133829,
  "recall": 0.8068181818181818
}