{
  "auc_roc": {
    "mean": 0.8968431744664855,
    "std": 0.013277430757025796,
    "n": 5
  },
  "accuracy": {
    "mean": 0.7513366420393661,
    "std": 0.11949901988114871,
    "n": 5
  },
  "f1_score": {
    "mean": 0.7479009481258637,
    "std": 0.05282063481218116,
    "n": 5
  },
  "precision": {
    "mean": 0.7528454558920291,
    "std": 0.17182592952235332,
    "n": 5
  },
  "recall": {
    "mean": 0.7957714022352805,
    "std": 0.14301511952608156,
    "n": 5
  },
  "n_folds": 5
}