{
  "best_epoch": 1,
  "best_val_loss": 0.5598894904057184,
  "epochs_ran": 12,
  "total_minutes": 13.932364749908448,
  "best_ckpt": "/home/thalles.fontainha/2026-2/results/EX8/20260219-115859/folds/fold_2/best_inner.pth"
}