{
  "outer_test_loss": 0.4411076683747141,
  "auc_roc": 0.9169167162948371,
  "accuracy": 0.8285714285714286,
  "f1_score": 0.7848101265822784,
  "precision": 0.8815165876777251,
  "recall": 0.7072243346007605
}