{
  "outer_test_loss": 0.9606121606474755,
  "auc_roc": 0.43743414723532914,
  "accuracy": 0.4907563025210084,
  "f1_score": 0.40236686390532544,
  "precision": 0.4180327868852459,
  "recall": 0.38783269961977185,
  "best_epoch_inner": 4,
  "fold_idx": 3,
  "fold_minutes": 118.3782749136289
}