{
  "auc_roc": {
    "mean": 0.5519502137057193,
    "std": 0.14800046619479798,
    "n": 5
  },
  "accuracy": {
    "mean": 0.5715103491060854,
    "std": 0.11478994931346495,
    "n": 5
  },
  "f1_score": {
    "mean": 0.404143634310941,
    "std": 0.255428557758675,
    "n": 5
  },
  "precision": {
    "mean": 0.538116945735075,
    "std": 0.20712254458659682,
    "n": 5
  },
  "recall": {
    "mean": 0.4252880516188501,
    "std": 0.3664057570963069,
    "n": 5
  },
  "n_folds": 5
}