{
  "auc_roc": {
    "mean": 0.9007554002328619,
    "std": 0.01261229449598522,
    "n": 5
  },
  "accuracy": {
    "mean": 0.7503541819412328,
    "std": 0.06879266187918795,
    "n": 5
  },
  "f1_score": {
    "mean": 0.6644943381568319,
    "std": 0.14796774618116257,
    "n": 5
  },
  "precision": {
    "mean": 0.8412289179132673,
    "std": 0.14615029093004311,
    "n": 5
  },
  "recall": {
    "mean": 0.6222692706533011,
    "std": 0.2697966960081107,
    "n": 5
  },
  "n_folds": 5
}