{
  "outer_test_loss": 0.779698792256807,
  "auc_roc": 0.8906786843190252,
  "accuracy": 0.7781512605042017,
  "f1_score": 0.7027027027027027,
  "precision": 0.861878453038674,
  "recall": 0.5931558935361216,
  "best_epoch_inner": 7,
  "fold_idx": 2,
  "fold_minutes": 45.34486145973206
}