{
  "outer_test_loss": 0.542140687766828,
  "auc_roc": 0.8854166666666667,
  "accuracy": 0.7734899328859061,
  "f1_score": 0.7746243739565943,
  "precision": 0.6925373134328359,
  "recall": 0.8787878787878788,
  "best_epoch_inner": 2,
  "fold_idx": 0,
  "fold_minutes": 17.935594030221303
}